App,Sentiment_Polarity,Sentiment_Subjectivity,Sentiment_Positivity
Google Primer,0.5,0.45,0.6666666666666666
ASUS Sound Recorder,0.4645555556,0.5283174603333334,0.6493333333333333
Cameringo Lite. Filters Camera,0.6932421875,0.48,0.6431
Candy Bomb,0.2975445632352941,0.5742535650294117,0.6388823529411765
Garden Fruit Legend,0.228125,0.5698464912105262,0.6351052631578947
HD Camera - Quick Snap Photo & Video,0.4303703703333333,0.545674603111111,0.6346111111111111
Door Lock Screen,0.4874512235277778,0.568544698,0.6247777777777778
C++ Tutorials,0.5165765766216216,0.5514264264594595,0.6115135135135136
"All Football GO- Live Score, Games",0.5122850122702702,0.5001351351351351,0.6106486486486487
APE Weather ( Live Forecast),0.41770833334375,0.49748263890625,0.60909375
Doctor Pets,0.14198924729032256,0.49204301077419355,0.6088387096774193
Hairstyles step by step,0.48283491560759495,0.6061261804683544,0.5995443037974684
Blur Image Background,0.2799895833,0.5483333334,0.5971
Gold Butterfly Keyboard Theme,0.3972026064285714,0.5612352092285714,0.5970285714285715
Chakra Cleansing,0.4228053196666667,0.5716314241025641,0.5965641025641025
Easy Hair Style Design,0.4780041152222222,0.5049588477407407,0.5955555555555555
Goldstar: Live Event Tickets,0.5492664141,0.6354549062,0.5931
Golden Launcher,0.47625757574285715,0.5491125541142857,0.5908
Curso de Ingles Gratis,0.46818253968571427,0.5011190476,0.5856285714285714
Cookbook Recipes,0.5505571160263157,0.6257007101315789,0.584657894736842
Detector de Radares Gratis,0.4285853930967742,0.5178780896774194,0.5768387096774192
Dresses Ideas & Fashions +3000,0.41625,0.5388844797666666,0.5757666666666666
"CM Flashlight (Compass, SOS)",0.445,0.47571428579999997,0.5686
10 Best Foods for You,0.46590614321052637,0.49325376085263156,0.5638842105263158
Coloring & Learn,0.38403461699999997,0.5710606060833334,0.561
DELISH KITCHEN - ÁÑ°Êñô„É¨„Ç∑„ÉîÂãïÁîª„ÅßÊñôÁêÜ„ÇíÊ•Ω„Åó„Åè„ÉªÁ∞°Âçò„Å´ÔºÅ,0.3723771367307692,0.43258547007692305,0.5536538461538462
Free live weather on screen,0.3550507555833333,0.4944223985833333,0.5523611111111112
Happy Birthday Songs Offline,0.3125,0.548958333375,0.5508125
Candy Day,0.19114857457894738,0.46076023392105264,0.5502631578947369
"Eve Period Tracker - Love, Sex & Relationships App",0.4863316448148148,0.48319050288888893,0.5476296296296296
ABC Kids - Tracing & Phonics,0.35809201031578947,0.49616997034210525,0.5432105263157895
Hipmunk Hotels & Flights,0.5153104575294118,0.5957496887941176,0.5428823529411764
104 ÊâæÂ∑•‰Ωú - ÊâæÂ∑•‰Ωú ÊâæÊâìÂ∑• ÊâæÂÖºËÅ∑ Â±•Ê≠∑ÂÅ•Ê™¢ Â±•Ê≠∑Ë®∫ÁôÇÂÆ§,0.35822729277777776,0.5089069664722222,0.54
2RedBeans,0.374750486,0.5658613368648648,0.5383513513513514
DC Super Hero Girls‚Ñ¢,0.32446590908571427,0.5569458874285714,0.5383428571428571
Goku Wallpaper Art,0.4514219576666667,0.5031084656111111,0.5361111111111111
Easy Healthy Recipes,0.4309037247,0.5697045454333334,0.5356333333333333
Daum Mail - Îã§Ïùå Î©îÏùº,0.22166666666666668,0.30452380949999996,0.5348333333333333
Health and Nutrition Guide,0.38661165223863636,0.5043752254545454,0.5333295454545455
1LINE ‚Äì One Line with One Touch,0.191257214974359,0.5430251693076923,0.532025641025641
Flippy Campus - Buy & sell on campus at a discount,0.3839901051142857,0.4784137291428571,0.5316857142857143
Fruits Bomb,0.21756410255223882,0.5189930156865672,0.5312686567164179
Farm Fruit Pop: Party Time,0.15987060546875,0.455811011875,0.53003125
Calls & Text by Mo+,0.39999999999999997,0.46785714285714286,0.5281428571428571
HD Camera for Android,0.3650190033783784,0.5316634491351352,0.5235675675675676
BeyondMenu Food Delivery,0.3982621083076923,0.6018423552051282,0.5222564102564102
All Events in City,0.48351898099999996,0.5402125652307692,0.5217307692307692
Candy Smash,0.1572673611,0.51621180555,0.5206
"GPS Speedometer, Distance Meter",0.3353110599354838,0.5792665130322581,0.5176774193548388
AutoScout24 Switzerland ‚Äì Find your new car,0.40172959185714285,0.5350340136571429,0.5175428571428572
Goibibo - Flight Hotel Bus Car IRCTC Booking App,0.3801042836111111,0.5352232978055556,0.5164166666666667
English-Myanmar Dictionary,0.3750923710789474,0.3864031765,0.5162368421052632
All Language Translator Free,0.3861168831,0.5483658008666666,0.516
DIY On A Budget,0.43488432776470587,0.5412268695294118,0.5156176470588235
"Home workouts - fat burning, abs, legs, arms,chest",0.3984182098888889,0.5306267806666667,0.5116666666666667
High Blood Pressure Symptoms,0.3950761959722222,0.5376466049722223,0.5115000000000001
Crossy Road,0.2153018309120879,0.524352883868132,0.5114505494505495
Educational Games for Kids,0.3037786596111111,0.4942195767222223,0.5113333333333334
DIY Garden Ideas,0.4249264705882353,0.5973774510000001,0.5089411764705882
Home Workout for Men - Bodybuilding,0.4849879807692308,0.4585653235,0.5082307692307693
Garden Coloring Book,0.2655325329450549,0.5176952456813186,0.5076043956043956
Cheapflights ‚Äì Flight Search,0.3961732456052632,0.5697744360789474,0.5061842105263158
GPS Speedometer and Odometer,0.4875,0.46666666675,0.5022500000000001
"APUS Launcher - Theme, Wallpaper, Hide Apps",0.4248924730967742,0.4991935484193548,0.5013870967741936
Google Trips - Travel Planner,0.15,0.0,0.5
"FastMeet: Chat, Dating, Love",0.28411435785714284,0.4938798701428571,0.49920000000000003
Bubble Shooter 2,0.26111111108333335,0.47986111108333335,0.49675
Haystack TV: Local & World News - Free,0.49640625,0.5171354166875,0.49575
All Video Downloader 2018,0.36180555553125,0.50475694446875,0.4956875
Block Puzzle Classic Legend !,0.16201809763888889,0.5249484428333333,0.4951944444444445
Butterfly Live Wallpaper,0.37681818179310345,0.4862878787931035,0.4947241379310345
Golden Dictionary (EN-AR),0.3314912280789474,0.4773976608157895,0.49234210526315786
2018Emoji Keyboard üòÇ Emoticons Lite -sticker&gif,0.40953703706666666,0.4952777778,0.49033333333333334
DraftKings - Daily Fantasy Sports,0.29011133158333335,0.5005550043888889,0.48980555555555555
Football Live Scores,0.39345372085714286,0.5157845805428571,0.48799999999999993
Baby Panda Care,0.172519919,0.49835423196551726,0.48782758620689654
Baritastic - Bariatric Tracker,0.41827673685000005,0.5710314927,0.48719999999999997
4 in a Row,0.26775573195238095,0.550574452047619,0.4847142857142857
"CM Launcher 3D - Theme, Wallpapers, Efficient",0.2676116427368421,0.56,0.48347368421052633
Easy Voice Recorder,0.424941125575,0.551535603575,0.48095
850 Sports News Digest,0.52928825435,0.67510975405,0.47932500000000006
Browser 4G,0.34729826675757575,0.4563246097575757,0.47833333333333333
Accounting App - Zoho Books,0.4174595543333333,0.49239316235897435,0.47828205128205126
Flashlight,0.37239402954545453,0.5652633477272727,0.4780909090909091
All Maths Formulas,0.3442060574117647,0.4093633287058824,0.4775294117647059
Gems or jewels ?,0.14149025161538462,0.430945535948718,0.47579487179487184
BaBe+ - Berita Indonesia,0.3482142857142857,0.4265873015714286,0.4757142857142857
"Hole19: Golf GPS App, Rangefinder & Scorecard",0.42145634914999996,0.5765208333,0.47569999999999996
Binaural Beats Meditation,0.35351810515,0.564320188475,0.4734
Fun Kid Racing - Motocross,0.1846407624516129,0.49701042683870966,0.47338709677419355
Dating for 50 plus Mature Singles ‚Äì FINALLY,0.3325396825714285,0.5087301587142857,0.47328571428571425
"Cymera Camera- Photo Editor, Filter,Collage,Layout",0.42041666664864863,0.46741956240540544,0.47213513513513516
BEST CAR SOUNDS,0.2801346801111111,0.49851992144444446,0.47069444444444447
GPS Status & Toolbox,0.3870160934722222,0.3914969136388889,0.47052777777777777
Agoda ‚Äì Hotel Booking Deals,0.46621031741666674,0.5875793650277777,0.4698055555555556
Babbel ‚Äì Learn Spanish,0.301629971575,0.531091472775,0.46872499999999995
DC Comics,0.46586867710810814,0.5889858152162162,0.46845945945945944
BBVA Spain,0.4908432813030303,0.571904351969697,0.46575757575757576
BLK - Swipe. Match. Chat.,0.3076776352,0.5519399909,0.463475
Comptia A+ 220-901 & 220-902,0.4489190476,0.5174190476,0.46340000000000003
Fuelio: Gas log & costs,0.429501231875,0.5202711524545455,0.46307954545454544
Extreme Match,0.1962050854578313,0.46645196948192774,0.4620361445783133
1800 Contacts - Lens Store,0.318144773625,0.59109848485,0.46142500000000003
HESI A2 Pocket Prep,0.36691628261290327,0.45383384535483867,0.46074193548387093
Free Dating App & Flirt Chat - Match with Singles,0.2411111111111111,0.5281687242962962,0.4605925925925926
Fun Kid Racing,0.2618048127941176,0.5091532976764706,0.45994117647058824
Facetune - Ad Free,0.3961902350967742,0.5706743482903225,0.4588709677419355
Crew - Free Messaging and Scheduling,0.41386044126829263,0.5950057801219513,0.45799999999999996
Animated Photo Editor,0.2622058823529412,0.5153758169999999,0.45791176470588235
Cycling - Bike Tracker,0.32414682544,0.5934126984,0.45771999999999996
Edmodo,0.3929289922777778,0.4312370731111111,0.4573055555555556
Brasileir√£o Pro 2018 - S√©rie A e B,0.5140244709444445,0.5187951939722222,0.4563888888888889
Cooking Channel,0.354918470375,0.520237824675,0.45600000000000007
A+ Mobile,0.32571470587058826,0.5165588701999999,0.4535882352941176
GANMA! - „Ç™„É™„Ç∏„Éä„É´Êº´Áîª„ÅåÂÖ®Ë©±ÁÑ°Êñô„ÅßË™≠„ÅøÊîæÈ°å,0.282555755875,0.46024405715625,0.45309375
Cookpad,0.250479018,0.5335751335945946,0.4520810810810811
Boys Photo Editor - Six Pack & Men's Suit,0.25333333332432434,0.4598198198378378,0.4512162162162162
Contacts+,0.400280875948718,0.4414652536410256,0.4471538461538462
Blood Pressure,0.42955840456410255,0.5610398860512821,0.44651282051282054
Best Wallpapers QHD,0.4591333498611111,0.6012612434166666,0.44613888888888886
Bubble Shooter,0.18766961793421053,0.5131763911184211,0.44494736842105265
Bible,0.3583407982268041,0.5274396796701031,0.44461855670103095
Four In A Line,0.2704157127580645,0.5404570877258064,0.44419354838709674
Flashlight - Torch LED Light,0.39147593448387097,0.5217357910967741,0.44351612903225807
Beautiful Design Birthday Cake,0.28374489797142854,0.48026530611428575,0.4414285714285714
All Football - Latest News & Videos,0.4189704676666667,0.4950677773333334,0.44133333333333336
"Apartment List: Housing, Apt, and Property Rentals",0.42158203125,0.534673308,0.44115625
"Candy selfie - photo editor, live filter camera",0.3291071428709677,0.43549731183870966,0.44109677419354837
"GO Keyboard - Emoticon keyboard, Free Theme, GIF",0.2968343609393939,0.4828122676969697,0.4406969696969697
Birds Sounds Ringtones & Wallpapers,0.3327991453076923,0.39448717946153844,0.4402051282051282
Coloring book moana,0.1123015872857143,0.614947089952381,0.4397142857142857
Google Slides,0.4666666665,0.4583333335,0.4395
Flashlight HD LED,0.4253074464137931,0.6061689554827587,0.439
Anime Manga Coloring Book,0.3465511364,0.48683333331999995,0.43868
CIA - Caller ID & Call Blocker,0.2032936508,0.40117460320000004,0.43820000000000003
Fantasy Football Manager (FPL),0.29130323645714284,0.5072448980285714,0.4371142857142857
Fruit Ninja¬Æ,0.14995721728125,0.4778738839375,0.43659375
BELONG Beating Cancer Together,0.33216182028947366,0.3983739889473684,0.43657894736842107
Baby ABC in box! Kids alphabet games for toddlers!,0.26685620683783784,0.47850288597297297,0.434972972972973
BankMobile Vibe App,0.3387273027916667,0.5410845057083333,0.4349166666666667
Doctor On Demand,0.37793181578378376,0.5384240421891893,0.4344054054054054
Baby Panda‚Äôs Juice Shop,0.08125,0.36875,0.43425
BukuBayi - Perkembangan Bayi,0.2920804195769231,0.4275437063076923,0.4335769230769231
Healthy Recipes Free,0.39330906382499997,0.518497889625,0.432775
GRE Tutor,0.39847727275,0.55390588925,0.432725
COOKING MAMA Let's Cook!,0.2130052733243243,0.49221643259459463,0.43229729729729727
Family Album Mitene: Private Photo & Video Sharing,0.4217728945,0.61436366645,0.4314
"CheapTickets ‚Äì Hotels, Flights & Travel Deals",0.28248723051351354,0.5660148243513514,0.43094594594594593
Diamond Zipper Lock Screen,0.14502450979411763,0.5885049019411764,0.43076470588235294
Asteroids 3D live wallpaper,0.24560176003125,0.4672449433125,0.43034375
GMX Mail,0.3290778173225806,0.5232965824516129,0.4302580645161291
File Explorer,0.24876686516666666,0.437291666625,0.42991666666666667
"High-Speed Camera (GIF,Burst)",0.3484567901111111,0.3967372134074074,0.42803703703703705
Easy Recipes,0.28477704681578947,0.5238304094210526,0.42652631578947364
Golfshot: Golf GPS + Tee Times,0.344248863625,0.46488707912500005,0.42642499999999994
HotelTonight: Book amazing deals at great hotels,0.329412028712766,0.5596240975,0.42540425531914894
Hotspot Shield Free VPN Proxy & Wi-Fi Security,0.21696969696969698,0.36883838384848483,0.42433333333333334
Hello Stars,0.11949420507936509,0.46682854626984127,0.42174603174603176
GS SHOP,0.22672672675675676,0.3407657658108108,0.4215675675675676
Current debit card and app made for teens,0.32725837334999996,0.472188687475,0.42119999999999996
GMAT Math Flashcards,0.40158097021621625,0.5348413185945946,0.4205675675675676
Full Screen Caller ID,0.3262212854516129,0.4444037145483871,0.41993548387096774
"Gametime - Tickets to Sports, Concerts, Theater",0.3697469367631579,0.5552124167368421,0.4196315789473684
Dog Run - Pet Dog Simulator,0.1393410493,0.4835987654666667,0.4189
Brightest LED Flashlight,0.35218720823529415,0.5862418300588236,0.41858823529411765
High-Powered Flashlight,0.3292728032857143,0.4912825396571429,0.4176571428571429
Fortune City - A Finance App,0.26151789397959185,0.44943381830612245,0.41736734693877553
Gay Sugar Daddy Dating & Hookup ‚Äì Sudy Gay,0.17457541421052633,0.6224110623947369,0.4170263157894737
Dr. Panda & Toto's Treehouse,0.1753654212162162,0.5182757070270271,0.41583783783783784
Fooducate Healthy Weight Loss & Calorie Counter,0.34489542536842105,0.48466303184210524,0.4154210526315789
Fake Call - Fake Caller ID,0.293414847,0.4789491554117647,0.4143676470588235
"Best Wallpapers Backgrounds(100,000+ 4K HD)",0.273117539,0.35449954081818186,0.41409090909090907
Ebook Reader,0.3339691756,0.567029010275,0.412225
"Foot Mercato : transferts, r√©sultats, news, live",0.3126952861818182,0.4323872053636364,0.41127272727272723
Google Handwriting Input,0.24475975975675676,0.3769011319189189,0.40824324324324324
"2Date Dating App, Love and matching",0.2730808325641026,0.5440730293589743,0.40823076923076923
Bubble Shooter Space,0.17753333332000001,0.47753333332,0.40652
Baby Panda Learns Shapes,0.24102286965789474,0.3477944862368421,0.4059736842105263
Horses Live Wallpaper,0.3352980964705883,0.49652485994117646,0.4056176470588235
Associated Credit Union Mobile,0.37731247244444444,0.5439922288333334,0.40538888888888885
Barbie Life‚Ñ¢,0.15448232325,0.37368055555,0.40285000000000004
Family GPS Tracker and Chat + Baby Monitor Online,0.3929194223611111,0.5252270723055555,0.4021388888888889
Homesnap Real Estate & Rentals,0.2697051445714286,0.4704497354571429,0.40134285714285717
EatStreet Food Delivery App,0.37317937363157894,0.5000916115789473,0.4008421052631579
DreamTrips,0.3606688698285714,0.426038188,0.4006
CheckPoints üèÜ Rewards App,0.276380163225,0.518422799425,0.39985
Box,0.3894876882564103,0.4158557183589744,0.39894871794871795
BeSoccer - Soccer Live Score,0.3269618635714286,0.38192970522857145,0.3982857142857143
ABC Preschool Free,0.21483718094594595,0.41153903905405403,0.39748648648648643
Bathroom Decorating Ideas,0.3501802884615384,0.49902097902564096,0.39553846153846156
Alfred Home Security Camera,0.32668475070967745,0.4605219941290322,0.39506451612903226
30 Day Fitness Challenge - Workout at Home,0.3231138460625,0.54113203575,0.39471875
Google My Business,0.24128987239473684,0.4191387559736842,0.3947105263157895
Garden Photo Frames - Garden Photo Editor,0.337008547,0.4885897435897436,0.39469230769230773
Backgrounds HD (Wallpapers),0.33054256853333336,0.5009487734333333,0.39426666666666665
Calorie Counter - MyNetDiary,0.39578254136082475,0.562167106113402,0.3933298969072165
Build a Bridge!,0.08734072041379311,0.5073798268735632,0.3926551724137931
Free Dating App & Flirt Chat - Cheers,0.2927770125454545,0.46291551884848486,0.39260606060606057
Animal Planet GO,0.26113636363636367,0.43311237377272727,0.39131818181818184
Colorful Glitter Neon Butterfly Keyboard Theme,0.1863793103448276,0.5134564860689654,0.3912413793103448
Davis's Drug Guide for Nurses,0.23611111125,0.3194444445,0.39075
Fraction Calculator Plus Free,0.36099589646875,0.5444712753125001,0.39056250000000003
FlirtChat - ‚ô•Free Dating/Flirting App‚ô•,0.37053803337142854,0.45108534322857147,0.3889142857142857
Home Street ‚Äì Home Design Game,0.11433669287931034,0.5261232901206896,0.3887586206896552
ForecaWeather,0.33695939660526314,0.4888083134210526,0.38802631578947366
7 Minute Workout,0.37608796283333334,0.5694775131666666,0.38766666666666666
Horoscopes ‚Äì Daily Zodiac Horoscope and Astrology,0.2569727783888889,0.39466941236111114,0.38758333333333334
EzCalculator,0.368083559948718,0.5079737642051282,0.38646153846153847
Basketball FRVR - Shoot the Hoop and Slam Dunk!,0.07389285714285714,0.43145578228571424,0.3858
"FUN Keyboard ‚Äì Emoji Keyboard, Sticker,Theme & GIF",0.237,0.3168803418461538,0.38553846153846155
Hostelworld: Hostels & Cheap Hotels Travel App,0.2836304271025641,0.5683646511538462,0.385025641025641
Candy Pop Story,0.0424151476,0.47871180555,0.384475
Anger of stick 5 : zombie,0.08958333325000001,0.37708333325,0.38349999999999995
CBS Sports Fantasy,0.2613071438918919,0.4609599992432432,0.3834864864864865
EyeEm - Camera & Photo Filter,0.32916893597368424,0.5707775448157895,0.3832105263157895
Doodle Jump,0.11307444735555557,0.5126295494444444,0.3825666666666666
Credit Karma,0.26255024455555553,0.5052076418888889,0.3807222222222222
CMB Free Dating App,0.2803598439736842,0.5363942956052632,0.3805263157894737
Aprender ingl√©s con Wlingua,0.36859919605714286,0.5453851474,0.38034285714285715
Chrome Dev,0.29784055418421057,0.4923783913947368,0.3798947368421053
FreePrints ‚Äì Free Photos Delivered,0.43412215867567566,0.6097431067027027,0.3791081081081081
Bubble Shooter Genies,0.043625869090909083,0.4815751672727273,0.3790909090909091
Fuzzy Seasons: Animal Forest,0.15767101066666667,0.5406396504666666,0.37899999999999995
Galaxy Attack: Alien Shooter,0.10153701142857142,0.468426075,0.37874285714285716
CALCU‚Ñ¢ Stylish Calculator Free,0.34355718353846154,0.4418396417692308,0.3777179487179487
Color by Number - Draw Sandbox Pixel Art,0.13805574948387095,0.46629313489247315,0.37754838709677424
"FOX Sports: Live Streaming, Scores & News",0.3040428797352941,0.5053649237941177,0.377
"BiggerCity: Chat for gay bears, chubs & chasers",0.21167546397499998,0.57815759645,0.376725
"All-In-One Toolbox: Cleaner, Booster, App Manager",0.26733509336363637,0.5456981066363636,0.3762727272727273
"Amazon FreeTime ‚Äì Kids‚Äô Videos, Books, & TV shows",0.3330199684722222,0.4939691599166667,0.3760555555555556
Fast Scanner : Free PDF Scan,0.303125090175,0.4129505321,0.375925
Black People Meet Singles Date,0.26184554303999996,0.45565332548,0.37348
AirBrush: Easy Photo Editor,0.33796774892000003,0.44641111112,0.3728
GPS Map Free,0.35,0.3,0.372
Baby Panda Musical Genius,0.22176656128947367,0.47414720513157893,0.37186842105263157
Golfshot Plus: Golf GPS,0.3861793696,0.47531177847499995,0.3718
Curriculum vitae App CV Builder Free Resume Maker,0.38360852107692306,0.48526575276923073,0.3708974358974359
Google Ads,0.10982297005,0.41764836692499996,0.3708
Flowers Live Wallpaper,0.1772159090625,0.5326941288125,0.3706875
Golf GPS Rangefinder: Golf Pad,0.26581694925,0.55081966995,0.3695
365Scores - Live Scores,0.38352272725000003,0.559659090875,0.368875
HomeWork,0.5,0.15,0.3685
Cut the Rope 2,0.14664603517582417,0.5314158302087912,0.3684505494505495
Family Locator - GPS Tracker,0.3378912127358491,0.5270467251037736,0.3672830188679245
Couch to 5K by RunDouble,0.2703932617,0.481987579925,0.366925
Azpen eReader,0.23251488095833336,0.5724371692916667,0.36633333333333334
Baby Name Together,0.25504078483333337,0.47569389333333334,0.36630555555555555
Fast News,0.337645833325,0.5890962301,0.366275
"Even - organize your money, get paid early",0.265,0.4318888889333333,0.3662
Flipkart Online Shopping App,0.2814737274827586,0.4623497957931034,0.3657241379310345
Eat Fit - Diet and Health Free,0.22475831280459768,0.5177955665057472,0.36535632183908046
Home Decor Showpiece Art making: Medium Difficulty,0.16066666668,0.58614285712,0.36524
Cat Sim Online: Play with Cats,0.17797841448387097,0.5167162250806452,0.36374193548387096
"Baca- Berita Terbaru, Informasi, Gosip dan Politik",0.222863292,0.4647300931818182,0.3634242424242424
Arrow.io,0.0798971509375,0.45188698745833333,0.36144791666666665
Cougar Dating Life : Date Older Women Sugar Mummy,0.2744119184054054,0.5481622791351352,0.36127027027027026
"Homes.com üè† For Sale, Rent",0.19074675323809526,0.38807118804761903,0.3610952380952381
FanDuel: Daily Fantasy Sports,0.26315987258333334,0.4271554833333333,0.3595
Hill Climb Racing 2,0.16057960191666665,0.4719714240833333,0.35850000000000004
Digital Alarm Clock,0.3363361619305556,0.47411705540277777,0.35805555555555557
Baby Tiger Care - My Cute Virtual Pet Friend,0.1756666667,0.3266666667,0.35710000000000003
FREEDOME VPN Unlimited anonymous Wifi Security,0.2875,0.31875000000000003,0.3565
Diabetes & Diet Tracker,0.3540581709736842,0.5535094459736842,0.35592105263157897
HTC Sense Input-AR,0.2595636261351351,0.38624195624324326,0.35527027027027025
8fit Workouts & Meal Planner,0.2942243063762376,0.5480847668118812,0.35465346534653464
CW Seed,0.29731070354054057,0.5037090662162161,0.35408108108108105
Dog Licks Screen Wallpaper,0.21881458074285715,0.5126933736,0.35405714285714285
Google,0.25368358494871796,0.4801094738461539,0.35307692307692307
7 Cups: Anxiety & Stress Chat,0.28859567911111106,0.5041409464444445,0.353
H TV,0.2787820512820513,0.3885042734871795,0.3523846153846154
Airway Ex - Intubate. Anesthetize. Train.,0.21541835345,0.48077398992500003,0.35225
Digit Save Money Automatically,0.23039833662162162,0.4093059699189189,0.35221621621621624
Free VIN Report for Used Cars,0.30000322669444446,0.4805871513055555,0.3515277777777778
Boxed Wholesale,0.2870085,0.485746106775,0.3511
Etta Homes,0.33600694445,0.483385416675,0.35105
ARY NEWS,0.22686942958823528,0.4254590017941176,0.3507941176470588
Four In A Line Free,0.19514058957142857,0.46799393864285715,0.35060714285714284
DEAD TARGET: FPS Zombie Apocalypse Survival Games,0.07979507069512196,0.4813679532439024,0.35021951219512193
BZWBK24 mobile,0.31326244595833336,0.5316651785833334,0.34979166666666667
BetterMe: Weight Loss Workouts,0.2845838669473684,0.48514372321052635,0.34978947368421054
Dude Perfect 2,0.11552703412941176,0.5294931382,0.3493529411764706
Fallout Shelter,0.16507359887878786,0.4980422101515151,0.348969696969697
4K Wallpapers and Ultra HD Backgrounds,0.16139520189999998,0.5348953825,0.3472
Ancestry,0.26545582265789475,0.5025449898421052,0.34663157894736846
ARY NEWS URDU,0.23647077919999998,0.5035357142857143,0.3462
Barbie‚Ñ¢ Fashion Closet,0.04267441860465117,0.4625322997441861,0.34604651162790695
Beauty Makeup Snappy Collage Photo Editor - Lidow,0.1225714286,0.3815238096,0.3458
Fantasy Football & NFL News,0.40920569637142856,0.5511806156571428,0.34577142857142856
Big Days - Events Countdown,0.2776998426756757,0.48612362364864864,0.34567567567567564
Checkers ‚úîÔ∏è,0.06308239245945946,0.4286603487027027,0.34459459459459457
Color Touch Effects,0.11275323056410255,0.4342811355384615,0.3444871794871795
Hangouts,0.2335168463902439,0.512200428097561,0.3444146341463415
Flipp - Weekly Shopping,0.31355732543750003,0.54543383528125,0.3436875
Daily Workouts - Exercise Fitness Routine Trainer,0.4,0.375,0.3435
Dragon Hills,0.037819235875,0.517672620625,0.342
GRE Prep & Practice by Magoosh,0.3775288015405405,0.47082773678378376,0.3414864864864865
"Free phone calls, free texting SMS on free number",0.22339868272972974,0.5089817739459459,0.34140540540540537
Educational Games 4 Kids,0.18937594812820513,0.46110019610256414,0.3412307692307692
ASOS,0.29532898975675675,0.572202380945946,0.3402972972972973
HauteLook,0.1670238095,0.4780625584117647,0.33885294117647063
ColorFil - Adult Coloring Book,0.18048144509090908,0.5748780663030304,0.33884848484848484
Diary with lock,0.2991983864084507,0.562931250028169,0.33816901408450706
Couch to 10K Running Trainer,0.3373787911,0.52052626515,0.338025
"GO Weather - Widget, Theme, Wallpaper, Efficient",0.30158184545454547,0.4114303751818182,0.3377272727272727
Etsy: Handmade & Vintage Goods,0.2978460648,0.5304018748,0.337725
BaBe Lite - Baca Berita Hemat Kuota,0.29196428571428573,0.4023809524285714,0.337
HD Video Player,0.17404605263157893,0.41539473684210526,0.33689473684210525
Freeme Launcher‚ÄîStylish Theme,0.2899285714285714,0.44780612242857143,0.3366571428571428
FamilySearch Tree,0.2025733840967742,0.42176705609677423,0.3362903225806452
British Airways,0.1961885044347826,0.38180025634782605,0.33569565217391306
FOSSIL Q: DESIGN YOUR DIAL,0.24725970640625,0.34496922353125,0.33565625
Barcode Scanner,0.3761051302368421,0.47085621252631576,0.3351315789473684
HD Camera - Best Cam with filters & panorama,0.20619658123076923,0.5423076923076923,0.3347692307692308
"Free TV Shows App:News, TV Series, Episode, Movies",0.26440912884210527,0.5751793546052631,0.3346842105263158
Family Dollar,0.2338801664285714,0.42892107294285714,0.33425714285714286
Filters for Selfie,0.097571614578125,0.51964626734375,0.331625
Bagan - Myanmar Keyboard,0.2823749518181818,0.4070169224848485,0.33090909090909093
CreditWise from Capital One,0.2333144402051282,0.5214098401794872,0.33084615384615385
Dr. Oetker Rezeptideen,0.3035921814594595,0.4762458172432432,0.32954054054054055
Cheap Flights & Hotels momondo,0.16839096089743588,0.4398512551025641,0.3281282051282051
Barbie Magical Fashion,0.08208486584375,0.56013937275,0.32778125
DroidAdmin for Android - Advice,0.123020833325,0.4947638889,0.327725
Flight & Hotel Booking App - ixigo,0.33099439776470585,0.5057341269705882,0.3276470588235294
GPS Traffic Speedcam Route Planner by ViaMichelin,0.26511361545945944,0.4516978945945946,0.3270810810810811
GoodRx Drug Prices and Coupons,0.24582706765789472,0.43721177942105266,0.3268157894736842
Dog Sim Online: Raise a Family,0.1402353896,0.4716428572,0.3258
Filters for B Live,0.14801767676666666,0.36222222223333334,0.3254
Flashlight & LED Torch,0.24012820515384614,0.24824786323076922,0.3249230769230769
GRE Flashcards,0.2549727121351351,0.5096334971351351,0.3246486486486487
BBW Dating & Curvy Singles Chat- LargeFriends,0.18457621082051284,0.4528881766153846,0.32456410256410256
Air Traffic,0.2818302787391304,0.464840407173913,0.3237826086956522
HD Camera Pro for Android,0.07256944444444444,0.5758928572222222,0.3235
Choice Hotels,0.2716269841818182,0.6538239538181818,0.32336363636363635
Free & Premium VPN - FinchVPN,0.2108666993125,0.46284223665625,0.32328125
CWT To Go,0.2793986569230769,0.5181990231794872,0.3224871794871795
Cache Cleaner-DU Speed Booster (booster & cleaner),0.26820550074074073,0.44014830848148145,0.3223703703703704
Game of Thrones: Conquest‚Ñ¢,0.179,0.4025,0.3214
Honkai Impact 3rd,0.09888085251282051,0.5101228552820513,0.3213846153846154
Best Fiends - Free Puzzle Game,0.1625,0.26875,0.3205
BluTV,0.24828073584,0.39142229440000004,0.32048000000000004
Herpes Positive Singles Dating,0.2960760934482759,0.5083121236896552,0.32041379310344825
Calorie Counter - EasyFit free,0.3388700672894737,0.5228523649473684,0.3194473684210526
Babbel ‚Äì Learn Languages,0.32144851291666665,0.4555796171111111,0.3188333333333333
"Hide Something - Photo, Video",0.2329453885483871,0.49625725383870967,0.3186451612903226
DMV Permit Practice Test 2018 Edition,0.28721288362857145,0.5438114070571428,0.3173142857142857
Find a Way: Addictive Puzzle,0.06738409687096775,0.5662151602580645,0.3172258064516129
"BigOven Recipes, Meal Planner, Grocery List & More",0.3282224026,0.499782140625,0.3166
Essential Resources,0.2814196231,0.48453513555,0.316225
Cool Popular Ringtones 2018 üî•,0.19798528994594594,0.5560489060540541,0.31494594594594594
Apartments & Rentals - Zillow,0.2534383753529412,0.45417504882352944,0.31349999999999995
Badoo - Free Chat & Dating App,0.1485611214047619,0.4322293942857143,0.31326190476190474
Happy Fruits Bomb - Cube Blast,0.02300269173076923,0.4365301365384615,0.31296153846153846
Flow Free,0.06912664603773584,0.5188893816603773,0.3129056603773585
Home Workout - No Equipment,0.3258203061851852,0.5346571201111111,0.31277777777777777
CityMaps2Go Plan Trips Travel Guide Offline Maps,0.317095779175,0.5213652146750001,0.3127
DSLR Camera Hd Ultra Professional,0.0682207207297297,0.49089339343243243,0.31264864864864866
Blur Image Background Editor (Blur Photo Editor),0.22728219695,0.5172670454999999,0.312475
Backgrounds (HD Wallpapers),0.25590170132258067,0.5797459813548388,0.3122258064516129
11st,0.181294214475,0.443956935475,0.312025
Daniel Tiger for Parents,0.20972222224999998,0.38177910025,0.3115
AutoCAD - DWG Viewer & Editor,0.11636873072972971,0.47404647340540546,0.31032432432432433
"GO Keyboard - Cute Emojis, Themes and GIFs",0.2164375,0.30025925923333335,0.31006666666666666
Couple - Relationship App,0.2917386715,0.5571021942916666,0.30995833333333334
Frontback - Social Photos,0.20149928337837836,0.44916052416216223,0.30994594594594593
CVS Caremark,0.187110322025,0.418395250575,0.309925
Enterprise Rent-A-Car,0.24928622537499998,0.583923100025,0.30967500000000003
BBM - Free Calls & Messages,0.13442325237142855,0.4447475949714286,0.3094857142857143
Binaural Beats Therapy,0.276187034,0.447265955675,0.309375
21-Day Meditation Experience,0.2551833375121951,0.5466810188536585,0.3085609756097561
"Calm - Meditate, Sleep, Relax",0.2906032999545455,0.5090124819545454,0.3083181818181818
B612 - Beauty & Filter Camera,0.07735097562499998,0.48930397731249997,0.3081875
Graphing Calculator,0.24275694450000002,0.4586726190875,0.3076
Add Text To Photo,0.2231402975714286,0.38931232965714285,0.30711428571428573
Blood Pressure Log - MyDiary,0.325054911475,0.5914018249499999,0.306675
Galactic Core Free Wallpaper,0.24087655264864866,0.6400350900270271,0.30567567567567566
Down Dog: Great Yoga Anywhere,0.291847263775,0.5268369912249999,0.30495
"Ebates: Cash Back, Coupons, Rewards & Savings",0.21960793835897435,0.40486578233333337,0.3048974358974359
Google Duo - High Quality Video Calls,0.2706535087894737,0.4717807017368421,0.3036315789473684
Happify,0.1751174242,0.27599999999999997,0.3036
Happy Street,0.05125886926086956,0.4861620083043478,0.30178260869565215
Bloglovin',0.13060369597500002,0.45764402960000006,0.30095
A+ Gallery - Photos & Videos,0.2038431325,0.39327812869047624,0.30078571428571427
Amazon Shopping,0.18572629019999998,0.44688233811111105,0.30077777777777776
"Any.do: To-do list, Calendar, Reminders & Planner",0.23684002875,0.462293212703125,0.3005625
Brilliant,0.24527751080000001,0.48654893228,0.3
Epocrates Plus,0.29959469697499996,0.5152561328,0.29922499999999996
Asana: organize team projects,0.22752098684375,0.49187386103125,0.29921875
Floor Plan Creator,0.2576519106842105,0.4533317194473684,0.299
Cooking Madness - A Chef's Restaurant Games,0.013194049131578947,0.5031574380789474,0.2985
"Candy Camera - selfie, beauty camera, photo editor",0.1963473575,0.52919787155,0.2976
Block Puzzle,0.048740644095744676,0.5311960048191489,0.2969787234042553
Color by Number ‚Äì New Coloring Book,0.1644127482894737,0.5260128887631579,0.29697368421052633
Diary with lock password,0.2867523735283019,0.5000396463396226,0.2966603773584906
FBReader: Favorite Book Reader,0.27076219087500003,0.4606375153,0.29645
HTC Help,0.106870212525,0.347890046275,0.2962
ACE Elite,0.2447541239411765,0.42957205108823526,0.29608823529411765
Age Calculator,0.1095080266875,0.584273369875,0.296
Burner - Free Phone Number,0.05597222228571429,0.5452380952857142,0.29457142857142854
Evie Launcher,0.2695061644848485,0.4726219248181818,0.29448484848484846
Daily Yoga - Yoga Fitness Plans,0.21410098008333334,0.5052561326666667,0.2941666666666667
Hotwire Hotel & Car Rental App,0.1815285801470588,0.44619631191176473,0.2939117647058824
"BuzzFeed: News, Tasty, Quizzes",0.19057069755263156,0.44790465749999997,0.29350000000000004
Caviar - Food Delivery,0.211940411375,0.50089285715,0.29325
Dosecast - Medication Reminder,0.2914790591025641,0.5103047646153847,0.29307692307692307
Alto's Adventure,0.043443775298969076,0.5280453899381443,0.2929381443298969
"Canva: Poster, banner, card maker & graphic design",0.19958727228205128,0.5222573674871794,0.2928974358974359
Dr. Panda Town: Vacation,0.09022917369444444,0.47277875480555553,0.2927222222222222
Avakin Life - 3D virtual world,0.07970403557142856,0.4981072610857143,0.2926142857142857
Cut the Rope FULL FREE,0.012617141758620694,0.5506066573793104,0.2924827586206896
Frozen Free Fall,0.06927678802564102,0.4847223147179487,0.29217948717948716
FlipaClip - Cartoon animation,0.3301190476,0.5433809524,0.2918
All Mental disorders,0.18992275579487178,0.4068144586923077,0.2907179487179487
Homework Planner,0.2702203602894737,0.5194201502105263,0.29057894736842105
Free Hypnosis,0.2585577215625,0.4633829310625,0.290375
Credit Sesame,0.0863938631025641,0.3840960212820513,0.2902307692307692
Despegar.com Hoteles y Vuelos,0.23808862433333333,0.45689763938461536,0.29007692307692307
BBW Dating & Plus Size Chat,0.12779282486842106,0.47809526181578943,0.2900526315789474
CNBC: Breaking Business News & Live Market Data,0.24118524368421054,0.4614950450263158,0.28989473684210526
Food Calorie Calculator,0.11189938825000001,0.430757275125,0.28962499999999997
Diabetes:M,0.31001870597500003,0.50893371765,0.28955000000000003
Buscap√© - Ofertas e descontos,0.353125,0.364484127,0.2885
CM Locker - Security Lockscreen,0.23729527566666664,0.47478320917241373,0.2876896551724138
ChatVideo Meet new people,0.22581667236842107,0.38266532813157894,0.28739473684210526
FINAL FANTASY BRAVE EXVIUS,0.06899970376923077,0.5178524542820513,0.2873589743589744
FOX,0.20863442457499998,0.44694312167500005,0.28735
Anime Avatar Creator: Make Your Own Avatar,0.19518675934482757,0.5727431777241379,0.2873448275862069
G Cloud Backup,0.27471891536666665,0.5547601256666667,0.28663333333333335
ASUS SuperNote,0.18475844758333335,0.464445045625,0.2861666666666667
"Groupon - Shop Deals, Discounts & Coupons",0.2749015305121951,0.47595949897560974,0.2855121951219512
BeautyPlus - Easy Photo Editor & Selfie Camera,0.24,0.24,0.2854
Easy Origami Ideas,0.09661111111428572,0.5214285714571428,0.28519999999999995
DRAGON BALL LEGENDS,0.07539320214285715,0.510419089489796,0.28422448979591836
Farming Simulator 18,0.06285545407500001,0.48099662472500004,0.28407499999999997
Easy Makeup Tutorials,0.2743505274594595,0.4128939004054054,0.28356756756756757
C++ Programming,0.1911415615945946,0.5384869854324325,0.2830540540540541
BBVA Compass Banking,0.19873721696666669,0.466361867,0.2824666666666667
Granny,0.062469058366666656,0.5377560236,0.28213333333333335
Home Security Camera WardenCam - reuse old phones,0.1939959782962963,0.4692403866666667,0.2818148148148148
Chrome Beta,0.22568606546153847,0.36819234776923077,0.28099999999999997
Do It Later: Tasks & To-Dos,0.16339648182857144,0.3179945716285714,0.2804
Bangla Newspaper ‚Äì Prothom Alo,0.16277412281578948,0.4264619882631579,0.2803421052631579
"Dating App, Flirt & Chat : W-Match",0.25857142857142856,0.3733333332857143,0.27999999999999997
AlReader -any text book reader,0.23941240532500002,0.40226240085000003,0.27895
FidMe Loyalty Cards & Deals at Grocery Supermarket,0.20191197691666665,0.37965367958333335,0.27891666666666665
"AVG Cleaner ‚Äì Speed, Battery & Memory Booster",0.2660619488611111,0.5662700616944445,0.2786666666666667
Harry Potter: Hogwarts Mystery,0.04855093969230769,0.4709123323846154,0.2784615384615384
Common Core,-0.007831804333333347,0.40888450833333334,0.278
Colorfit - Drawing & Coloring,0.1674299025897436,0.5580758121538462,0.27792307692307694
Ada - Your Health Guide,0.3016687588285714,0.5516056688571429,0.27777142857142856
Flipboard: News For Our Time,0.3583032171428572,0.40283446714285714,0.27742857142857147
Episode - Choose Your Story,0.082072032944,0.476094191792,0.277048
DINO HUNTER: DEADLY SHORES,0.022072647634408603,0.5001236488494624,0.27664516129032257
Family GPS tracker KidControl + GPS by SMS Locator,0.20480300272727273,0.5014525212424242,0.27660606060606063
BaBe - Baca Berita,0.1751302083125,0.3834635416875,0.27649999999999997
591ÊàøÂ±ã‰∫§Êòì-È¶ôÊ∏Ø,0.200625,0.2820833333,0.2762
Genius Scan - PDF Scanner,0.22579205635714286,0.4813098509285714,0.2757857142857143
Find Dining Restaurant Finder,0.29703443875,0.41789965975,0.27575
"CallApp: Caller ID, Blocker & Phone Call Recorder",0.1953703705,0.2532407405,0.2755
Free Dating & Flirt Chat - Choice of Love,0.04102387512121211,0.3650711662121212,0.27524242424242423
Bowmasters,0.06711737009183673,0.4992319345612245,0.27485714285714286
Couchsurfing Travel App,0.241107138325,0.5164538841249999,0.274725
"Fabulous: Motivate Me! Meditate, Relax, Sleep",0.1952382387,0.5179825122333334,0.27466666666666667
Fandango Movies - Times + Tickets,0.135168879475,0.4967799745,0.27444999999999997
Baby Monitor,0.266605765,0.4784650573611111,0.27425
Free Sports TV,0.1613429190357143,0.49576473925000003,0.27414285714285713
Acorn TV: World-class TV from Britain and Beyond,0.08247262433333334,0.48591119525,0.2740416666666667
Beauty Camera - Selfie Camera,0.1945884277027027,0.4386357786216216,0.2737837837837838
Eat24 Food Delivery & Takeout,0.17161052145,0.547071077025,0.27375
Alarm Clock Free,0.15131143854285714,0.34664490379999996,0.27371428571428574
Farming Simulator 14,0.054898593166666676,0.4603402408888889,0.27355555555555555
CDL Practice Test 2018 Edition,0.2314809524,0.45871216932,0.27352
Branch,0.264229798,0.4446455339,0.273325
Grim Soul: Dark Fantasy Survival,0.050892449513513516,0.488203491,0.2733243243243243
"Face Filter, Selfie Editor - Sweet Camera",0.18348765433333333,0.5561507936666668,0.27305555555555555
Hello Kitty Lunchbox,-0.051212147,0.5444899431428571,0.2717428571428572
Business Calendar 2,0.19340491634615387,0.4513324566923077,0.2717307692307692
"DU Recorder ‚Äì Screen Recorder, Video Editor, Live",0.22038713867796608,0.5157912661355932,0.271457627118644
Bubble Witch 3 Saga,0.06334140665625,0.521108265625,0.27115625
Angry Birds Rio,-0.010059332999999998,0.4487218808125,0.27103125
"Breaking News, Local news, Attacks and Alerts Free",0.20929435150000003,0.36366607928571426,0.27067857142857144
Bed Time Fan - White Noise Sleep Sounds,0.390625,0.3,0.2705
Duolingo: Learn Languages Free,0.1986302882909091,0.4703608205818182,0.2704181818181818
Davis's Drug Guide,-0.07500000000000001,0.4,0.27025
AccuWeather: Daily Forecast & Live Weather Reports,0.19464078518181818,0.4787456588181818,0.26878787878787874
"Chat Rooms, Avatars, Date - Galaxy",0.13441952550000003,0.40998377542105263,0.2686842105263158
Atlan3D Navigation: Korea navigator,0.27066570627027026,0.3872589553783784,0.26772972972972975
Flights,0.13535904685185185,0.385195206037037,0.2677037037037037
Cheap hotel deals and discounts ‚Äî Hotellook,0.22079678363157895,0.46350877194736845,0.267578947368421
ColorNote Notepad Notes,0.28399206835,0.51178833556,0.26642
CATS: Crash Arena Turbo Stars,0.028453962327586204,0.49174449787931035,0.2658793103448276
Homescapes,0.031329633527777775,0.4992509600833333,0.2657777777777778
95Live -SG#1 Live Streaming App,0.053617715615384615,0.4302864543076923,0.2653076923076923
Fishdom,0.038010445736842105,0.5478419961052632,0.26530263157894735
Experian - Free Credit Report,0.163400022,0.5058520722916667,0.26525
Calorie Counter - Macros,0.24751868249,0.512675395,0.26493
Battlelands Royale,0.03995723707777778,0.5084984804333333,0.26453333333333334
Facebook Ads Manager,0.19775052108333335,0.3103943201666667,0.26330555555555557
Aviary Stickers: Free Pack,0.0640962222368421,0.6548163083684211,0.2631578947368421
Farm Heroes Saga,0.006295479052631577,0.4247224975263158,0.26249122807017544
Calorie Counter & Diet Tracker,0.21603536716326532,0.4939464233061225,0.2624591836734694
C Programming,0.26911117627777775,0.5259834455277779,0.2623888888888889
Hotels Combined - Cheap deals,0.1564398327027027,0.34355641354054056,0.2622162162162162
Bike Computer - GPS Cycling Tracker,0.274928943425,0.464991567425,0.2619
Extreme Racing 2 - Real driving RC cars game!,0.023027670513513513,0.40773487778378376,0.261027027027027
Equestria Girls,0.04265552539473685,0.5364614767631579,0.2610263157894737
Drugs.com Medication Guide,0.241169739425,0.47832794867499995,0.2609
Fast Secure VPN,0.17064940905633805,0.40445644611267606,0.26085915492957745
Betterment,0.14325219760000002,0.51054523015,0.26015
AdWords Express,0.19126473061111113,0.29325897866666667,0.25975
Hinge: Dating & Relationships,0.166190942225,0.488696736675,0.25965
Blogaway for Android (Blogger),0.19192328694594593,0.3493617644054054,0.25935135135135134
BIG Launcher,0.18498650305,0.41012519515,0.258975
Docs To Go‚Ñ¢ Free Office Suite,0.191904604025,0.38219886365,0.258975
Czech Public Transport IDOS,0.24241715179310344,0.3889285714137931,0.25875862068965516
"Easy - taxi, car, ridesharing",0.29098477172340426,0.442188680106383,0.25861702127659575
Birdays ‚Äì Birthday reminder,0.34609599278947367,0.5404014296842106,0.2585
"Herpes Dating: 1,000K+ Singles",0.1688322951818182,0.4537659292121212,0.2574848484848485
Blossom Blast Saga,0.005560016162162161,0.499915638,0.2572972972972973
Hill Climb Racing,0.10363663775675676,0.494339067027027,0.257
Debonairs Pizza,0.039880952285714276,0.5189285712857143,0.257
Azar,0.05596868620879121,0.4650212683956044,0.2569230769230769
Choices: Stories You Play,0.032836442225,0.5131701648,0.2569
"GO SMS Pro - Messenger, Free Themes, Emoji",0.19498870985185185,0.42354163325925925,0.2567037037037037
Hero Hunters,-0.020968247451612902,0.48998050787096775,0.25667741935483873
Garena Free Fire,0.07566788421052631,0.4990920946631579,0.2562526315789474
Dungeon Hunter Champions: Epic Online Action RPG,-0.034255807875,0.48827825165,0.25595
Clash of Clans,0.03878920672727273,0.5187653947878789,0.2556969696969697
BeWild Free Dating & Chat App,0.16600369446153845,0.504786638051282,0.25530769230769235
"Hily: Dating, Chat, Match, Meet & Hook up",0.03232448105128205,0.5566001899230769,0.2551282051282051
2GIS: directory & navigator,0.22312904269999997,0.396657936525,0.2551
Die TK-App ‚Äì alles im Griff,0.15849985828571428,0.5084708049642858,0.25489285714285714
DisneyNOW ‚Äì TV Shows & Games,0.20074832462162162,0.522173233054054,0.25486486486486487
Calculator Plus Free,0.111111111,0.42047619033333333,0.25466666666666665
"Free Dating App - YoCutie - Flirt, Chat & Meet",0.11556602202631579,0.44222369373684206,0.25363157894736843
Abs Training-Burn belly fat,0.21154263894594594,0.4348304623243243,0.25313513513513514
Angry Birds 2,0.002206126433333333,0.47969812133333334,0.2518
Freeletics: Personal Trainer & Fitness Workouts,0.2659400552727273,0.4496545815757576,0.2511515151515152
Cisco Webex Teams,0.10709551253846154,0.4459280842820513,0.2508717948717949
Allegiant,0.175,0.175,0.25075
Dropbox,0.23027076800000001,0.4322603322564103,0.25035897435897436
Free Dating Hook Up Messenger,0.14006869643589745,0.5068665636410257,0.2501025641025641
Disney Magic Kingdoms: Build Your Own Magical Park,0.07398520105882353,0.46504729420588237,0.25008823529411767
Chapters: Interactive Stories,0.14522339733333334,0.490374967948718,0.24966666666666668
Guns of Glory,-0.1420604257,0.535187499625,0.24905
BEYBLADE BURST app,-0.013550979810810812,0.45637330016216215,0.2488108108108108
Gardenscapes,0.0010869694536082474,0.5023325789484536,0.24835051546391754
Domino's Pizza USA,0.22115114243589745,0.5011911644358974,0.2481025641025641
Alarm Clock,0.16994654556756758,0.3618215861891892,0.24786486486486484
Financial Times,0.178683668483871,0.45072679558064516,0.2470967741935484
7 Weeks - Habit & Goal Tracker,0.13329879373333334,0.46430486626666667,0.24693333333333334
Christian Dating For Free App,0.09551254484615385,0.4663868451025641,0.24661538461538463
Hay Day,0.019256665709677417,0.49555768979032255,0.24658064516129033
Foursquare City Guide,0.19337251827586208,0.40765661544827586,0.2462758620689655
Expense IQ Money Manager,0.220396621,0.428172299625,0.24603125
Hacker's Keyboard,0.26137154544999996,0.5788869655,0.246
Files Go by Google: Free up space on your phone,0.12694855011428574,0.5085936566285714,0.24562857142857142
Calorie Counter - MyFitnessPal,0.2283652927128713,0.44228594437623764,0.2455148514851485
Basketball Stars,0.013750611411111112,0.48171376215555556,0.2449
Homestyler Interior Design & Decorating Ideas,0.17061252434285715,0.4537249758,0.24385714285714286
Archos File Manager,0.11169282103124999,0.4711505681875,0.2438125
A&E - Watch Full Episodes of TV Shows,0.28820571785714283,0.46085689489285714,0.24367857142857144
Apartment Decorating Ideas,0.1225,0.1,0.2435
Amazon Drive,0.12633976072972972,0.46058285070270266,0.24254054054054056
Allrecipes Dinner Spinner,0.25934956705,0.5525929834500001,0.24180000000000001
Drawing for Kids Learning Games for Toddlers age 3,0.1933333335,0.2733333335,0.2415
Comedy Central,0.171423766275,0.34690642239999997,0.24125000000000002
Baby puzzles,0.07722841865714285,0.4927611269142857,0.2410857142857143
Colorfy: Coloring Book for Adults - Free,0.03387295267346939,0.5913375679897959,0.24071428571428571
Golf GPS by SwingxSwing,0.20467855065,0.45767651715,0.240375
Helix Jump,0.0758448354468085,0.4835427961170213,0.24021276595744678
File Manager -- Take Command of Your Files Easily,0.20531400965217392,0.3448792270434783,0.2398695652173913
Fate/Grand Order (English),0.0579818388095238,0.5033819652380952,0.2397142857142857
Fancy Widgets,0.20161271947058823,0.5142169421764705,0.2396470588235294
BBWCupid - BBW Dating App,0.12373893970000001,0.45990052307499996,0.23959999999999998
Anatomy Learning - 3D Atlas,0.22040995143243244,0.47562102691891894,0.23940540540540542
Google Photos,0.18518762631372548,0.5043117909019608,0.2393921568627451
Funny Pics,0.14407755,0.5364193643125,0.238625
Adobe Photoshop Express:Photo Editor Collage Maker,0.143054322,0.43138543851612904,0.23825806451612905
Funny Alarm Clock Ringtones,0.10450990289285714,0.5748974867500001,0.23714285714285713
HISTORY: Watch TV Show Full Episodes & Specials,0.23882394552777775,0.5036555708888888,0.23702777777777775
"Android Auto - Maps, Media, Messaging & Voice",0.2787987945625,0.52772026165625,0.236625
GasBuddy: Find Cheap Gas,0.2726742875,0.5009855994500001,0.2364
Firefox Focus: The privacy browser,0.20912878789473685,0.5452487835526315,0.23613157894736844
DigiCal Calendar Agenda,0.16120384145833333,0.48562775570833333,0.235625
Hamilton ‚Äî The Official App,0.15669460386486486,0.4243558690810811,0.23559459459459461
Clash Royale,0.04576067342268041,0.4798546651958763,0.2355463917525773
Bank of America Mobile Banking,0.17457147075757576,0.4703067783939394,0.23487878787878788
Google+,0.24537037033333334,0.312962963,0.23466666666666666
Essential Anatomy 3,0.2255163033,0.52232822275,0.23417500000000002
8 Ball Pool,0.008691319814432991,0.5031561514742269,0.23407216494845362
Akinator,-0.014516866897435894,0.48260026251282045,0.23312820512820515
Brain Waves - Binaural Beats,0.221731489075,0.5443468915999999,0.23235
Blogger,0.1219174528974359,0.506720334025641,0.23135897435897435
"Apartment, Home Rental Search: Realtor.com Rentals",-0.003589327346153843,0.4646844821923076,0.2303076923076923
"AliExpress - Smarter Shopping, Better Living",0.019845881294117646,0.6058892071764705,0.22891176470588237
ABCmouse.com,0.1775713212972973,0.5096927284324324,0.2284054054054054
EasyBib: Citation Generator,0.07183166252631579,0.39122389307894734,0.22828947368421054
Brightest Flashlight Free ¬Æ,0.4104761905,0.43537698416666665,0.22766666666666668
GMAT Question Bank,0.2612170686,0.4564580498857143,0.22731428571428572
A Word A Day,0.2218181818,0.5352272728,0.22599999999999998
AT&T Smart Wi-Fi,0.1805225727142857,0.41225240371428573,0.22590476190476189
Content Transfer,0.163047281775,0.39705884737499997,0.225675
All Email Providers,0.1791666666666667,0.5055555555,0.2255
Cooking Fever,-0.0503102266701031,0.47566993237113403,0.22516494845360827
Apk Installer,0.1869913419642857,0.47076762528571425,0.225
Fashion in Vogue,0.054576231075,0.34655423280000003,0.22490000000000002
Bad Piggies,0.00783885632051282,0.5320396352564103,0.22482051282051282
Candy Crush Saga,0.03106786545,0.456292790975,0.224625
Candy Crush Jelly Saga,-0.08404319865789472,0.47265912268421056,0.22421052631578947
Grubhub: Food Delivery,0.11959216707692309,0.45797720794871793,0.22343589743589745
Asphalt 8: Airborne,0.004390270054054053,0.5066041081081081,0.22290540540540543
Fresh EBT - Food Stamp Balance,0.15516376522857142,0.4126026593142857,0.22214285714285714
BBC Sport,0.14546871439473683,0.43203363523684213,0.22152631578947365
Banjo,0.22507895695000002,0.45251853375,0.221475
GUNSHIP BATTLE: Helicopter 3D,0.02159089168571428,0.4448471008,0.22142857142857142
Disney Heroes: Battle Mode,-0.003333333333333334,0.23888888899999997,0.22133333333333335
Flickr,0.176165794875,0.42174050137499997,0.22127500000000003
Dino War: Rise of Beasts,0.057024973714285714,0.43593911503571425,0.22075
Buzz Launcher-Smart&Free Theme,0.19590309116216217,0.5620111484864865,0.22062162162162163
Color Road,-0.05779473710526316,0.4420694344473684,0.21997368421052632
2ndLine - Second Phone Number,0.168968208875,0.3770225018,0.21717499999999998
"Domofond –ù–µ–¥–≤–∏–∂–∏–º–æ—Å—Ç—å. –ö—É–ø–∏—Ç—å, —Å–Ω—è—Ç—å –∫–≤–∞—Ä—Ç–∏—Ä—É.",0.16110239476923077,0.4348740575897436,0.21687179487179487
Banco do Brasil,0.22347267315,0.47966436689999997,0.2166
Hot Wheels: Race Off,-0.008417997904761903,0.4669671230952381,0.2164761904761905
"CBS Sports App - Scores, News, Stats & Watch Live",0.1606838975138889,0.46647936201388895,0.21536111111111111
ConvertPad - Unit Converter,0.22344972947500003,0.4877968825,0.2152
HD Movie Video Player,0.18020235178125,0.55632221640625,0.21509375
Crunchyroll - Everything Anime,0.177510033375,0.444899624425,0.21469999999999997
Candy Crush Soda Saga,-0.0460515934673913,0.48692057813043477,0.21395652173913043
"BestCam Selfie-selfie, beauty camera, photo editor",-0.06265777396385543,0.38562727099999994,0.21340963855421688
Amino: Communities and Chats,0.046267670944444436,0.5226045664444444,0.2130277777777778
Garmin Connect‚Ñ¢,0.1548099296,0.48542347577500006,0.21302500000000002
Aviary Effects: Classic,0.10344537263157895,0.5239191718684211,0.2126842105263158
AppLock - Fingerprint,0.19944253844999998,0.5361087813000001,0.21200000000000002
FollowMyHealth¬Æ,0.1845705513076923,0.469426381,0.21151282051282053
Blood Donor,0.2000909123,0.3550775946,0.211
DreamWorks Friends,-0.00173549217647059,0.4623613586764706,0.2103235294117647
Angry Birds Classic,-0.023653219777777776,0.5268813894351853,0.21
FreshBooks Classic,0.09085472502439024,0.4567374387560975,0.20987804878048782
Dumb Ways to Die 2: The Games,0.026492242684210524,0.4570699951052632,0.20986842105263157
Championat,0.19844806447500002,0.36736777997500003,0.2081
ExDialer - Dialer & Contacts,0.2623077054333333,0.47916567376666663,0.2079
Dunkin' Donuts,0.19151993164102565,0.45844564725641024,0.20758974358974358
"CM Browser - Ad Blocker , Fast Download , Privacy",0.00833333333333334,0.4583333333333333,0.20733333333333334
Brit + Co,0.11588203464705882,0.4883929632352941,0.20711764705882352
Goal Live Scores,0.176929058375,0.51383713925,0.206525
A Call From Santa Claus!,0.00805689548571429,0.6389482838857143,0.2057142857142857
Amex Mobile,0.17091858740540541,0.40641202243243246,0.20445945945945948
Extreme Coupon Finder,0.06646660060000001,0.5242702822666667,0.20400000000000001
BaconReader for Reddit,0.2213779015882353,0.45625225473529407,0.20394117647058824
Baseball Boy!,0.012272397225,0.47448021144999997,0.203675
Dictionary - Merriam-Webster,0.2122053871111111,0.4109521137777778,0.20355555555555557
GroupMe,0.115479039875,0.50518401045,0.203
Google Keep,0.10167441441463414,0.49059849460975613,0.20273170731707316
Cisco Webex Meetings,0.1009875992,0.450825231475,0.20270000000000002
Groovebook Photo Books & Gifts,0.15982356665,0.49408564165,0.202625
Amazon Kindle,0.08156922006896553,0.44092357119540226,0.20254022988505746
Final Fantasy XV: A New Empire,-0.022814331363636364,0.495844120969697,0.20230303030303032
El tiempo de AEMET,0.17501310726666666,0.2570745551333333,0.2022
Home Scouting¬Æ MLS Mobile,0.08818017842424243,0.3579038763939394,0.20203030303030303
AndroZip‚Ñ¢ FREE File Manager,0.114390300325,0.380417667725,0.20179999999999998
Draw a Stickman: EPIC 2,0.05,0.2708333335,0.2015
Google Fit - Fitness Tracking,0.13005303029999998,0.47786426767499995,0.20135
"B√ÅO M·ªöI - ƒê·ªçc B√°o, Tin T·ª©c 24h",0.09035123966666668,0.4117431894848485,0.20124242424242425
7 Day Food Journal Challenge,0.1704702381,0.5401825397,0.2012
Agar.io,-0.053143601757894746,0.4477676684947368,0.2010842105263158
"AT&T Navigator: Maps, Traffic",0.0689242666,0.39844463339999997,0.2009
Fly Delta,0.12505314622500002,0.43068988202499997,0.19837500000000002
Dashlane Free Password Manager,0.11383597866666666,0.362857143,0.19833333333333333
H&M,0.023828931289473686,0.5613190593684211,0.19823684210526316
Harkins Theatres,0.08479032273913042,0.4687029194347826,0.19808695652173913
Headspace: Meditation & Mindfulness,0.22700757581818182,0.4214772727272727,0.19781818181818184
Gyft - Mobile Gift Card Wallet,-0.033643552550000004,0.52532561705,0.197325
Flightradar24 Flight Tracker,0.1906664043030303,0.46255309481818185,0.1972121212121212
Eurosport,0.047787004641025636,0.41641206012820514,0.19533333333333333
Hotels.com: Book Hotel Rooms & Find Vacation Deals,0.09609464945,0.5123700204,0.194525
Fat Burning Workout - Home Weight lose,0.17053200927027026,0.5323496548378378,0.19356756756756757
H Pack,0.108242424225,0.37940877525,0.1933
Hopper - Watch & Book Flights,0.17347897366666667,0.46392883020512815,0.1932051282051282
BET NOW - Watch Shows,0.04970731686486486,0.39709854337837835,0.19313513513513514
HTC Service‚ÄîVideo Player,0.031498868975,0.47739678375,0.19295
Gboard - the Google Keyboard,0.06293045110256411,0.5039108136153846,0.19292307692307692
Cool Reader,0.1128705148974359,0.4651296620512821,0.1925128205128205
Hitwe - meet people and chat,-0.12551041670000002,0.6246944445,0.1921
DU Browser‚ÄîBrowse fast & fun,0.177266098225,0.506240247375,0.192
Calculator - unit converter,0.0916666665,0.2666666665,0.192
Fox Business,0.08628883408571429,0.4872605151714286,0.19191428571428573
"Expedia Hotels, Flights & Car Rental Travel Deals",0.10121612463414634,0.480814943902439,0.19039024390243903
Google Earth,0.09246866884615385,0.4530403656923077,0.19020512820512822
Dr. Panda Restaurant 3,-0.09468297774285715,0.5013733509428572,0.19005714285714287
Apartments.com Rental Search,0.07766349885,0.4055796356,0.19005
"AOL - News, Mail & Video",0.08947075797058823,0.3868189599117647,0.18970588235294117
Dinosaur Simulator: Dino World,-0.012202380928571425,0.37648809521428567,0.18942857142857145
Hello Kitty Nail Salon,0.054766555647058825,0.4999384602058824,0.18938235294117647
BBC News,0.09267575023076924,0.3743116451794872,0.18930769230769232
"GolfNow: Tee Time Deals at Golf Courses, Golf GPS",0.16398489771794872,0.4912559514871795,0.18828205128205128
HD Camera Ultra,0.1465566335263158,0.5395434740526316,0.1857894736842105
Checkout 51: Grocery coupons,0.118787346,0.38053675281818183,0.18513636363636365
Adobe Acrobat Reader,0.14395582585858588,0.48121480253535354,0.18407070707070705
Dominos Game ‚úîÔ∏è,0.022635146099999996,0.32460200215,0.183775
Calendar Widget Month + Agenda,0.09999999999999999,0.16666666666666666,0.18300000000000002
All-in-One Mahjong 3 FREE,0.25,0.3,0.1825
Google PDF Viewer,0.10041042120000002,0.44128661075000003,0.18225
Firefox Browser fast & private,0.10441794460526316,0.5071995449473684,0.18147368421052631
Barclays US for Android,0.017928003974999995,0.41255418767499996,0.180425
FERZU - Furries Social Network,0.07981868909999999,0.47476649325000003,0.18015
Color Flashlight,0.16118055558333333,0.48261574075,0.17991666666666664
Cricbuzz - Live Cricket Scores & News,0.09452452635897436,0.5513104487692307,0.17974358974358973
ConnectLine,0.13447286910256412,0.4387736518205128,0.17953846153846154
Google News,0.0916391641707317,0.4892084905609756,0.17914634146341463
AMC Theatres,0.11630952371428571,0.49559523814285716,0.17914285714285713
HD Widgets,0.17613602790625,0.49774587021875,0.17878125
Draw In,-0.0670833335,0.29125,0.1785
Google Pay,0.11279529895,0.495079822675,0.178425
Ascape VR: 360¬∞ Virtual Travel,0.14301900584210528,0.4743421052105263,0.17826315789473685
Booking.com Travel Deals,0.020538375951219507,0.40209505934146345,0.17797560975609755
HTC Gallery,0.03045627144827586,0.4295277519310345,0.17703448275862071
Amazon for Tablets,0.09632004571428572,0.35351491104761906,0.17695238095238097
Divar,0.1833843567105263,0.47394625639473686,0.17692105263157895
E*TRADE Mobile,0.14862876506060604,0.47865248945454547,0.17566666666666667
Find&Save - Local Shopping,0.0881173810625,0.37018145171875,0.17515624999999999
Beautiful Widgets Pro,0.1746968349736842,0.4884886994210526,0.17510526315789474
Be A Legend: Soccer,-0.09824806901010101,0.4696053900707071,0.175010101010101
Calendar+ Schedule Planner App,0.1595352565,0.234871795,0.1735
Hotstar,0.03702092230303031,0.47899548984848483,0.1732121212121212
Facebook Local,0.12992942894444445,0.4282243817222222,0.17302777777777778
File Browser by Astro (File Manager),0.10337703953846153,0.417876457,0.17161538461538461
Free Panda Radio Music,0.21428571428571427,0.2285714285714286,0.17142857142857143
3D Live Neon Weed Launcher,0.3787878786666667,0.26666666666666666,0.17066666666666666
Device Help,0.09385900831578949,0.3469106587631579,0.17023684210526316
FindShip,0.0975790043142857,0.39969304899999997,0.17011428571428572
HDFC Bank MobileBanking,0.10835287397222222,0.4955185535555555,0.16769444444444445
Canvas Student,0.1,0.31,0.16760000000000003
BioLife Plasma Services,0.1509360119,0.44626125417499996,0.16745000000000002
Food Network,0.019001235999999998,0.4326048025641026,0.16705128205128203
"FIFA - Tournaments, Soccer News & Live Scores",0.06655176762500001,0.43170732625,0.166625
Airport + Flight Tracker Radar,0.085402864,0.40607487926086955,0.16652173913043478
Airbnb,0.09545299621568627,0.4623976572941177,0.16582352941176473
AP Mobile - Breaking News,0.18984251175675676,0.45866841548648646,0.1654324324324324
Calls Blacklist - Call Blocker,0.09312175325,0.46139393949999996,0.16525
Digg,0.041444423235294126,0.4924545454705882,0.16461764705882354
HealtheLife,0.06321230159999999,0.36319146825000004,0.1636
Font Studio- Photo Texts Image,0.07913180265714286,0.507130102,0.16334285714285712
FilterGrid - Cam&Photo Editor,0.09006661355555555,0.5147227065833333,0.16191666666666665
CNN Breaking US & World News,0.05712406104761905,0.4910601980952381,0.1619047619047619
BeyondPod Podcast Manager,0.112458265325,0.54571823675,0.16135
"Calculator - free calculator, multi calculator app",-0.03,0.12333333340000001,0.1612
Buienradar - weer,0.08437865424999999,0.4752022783888889,0.1609722222222222
"Evernote ‚Äì Organizer, Planner for Notes & Memos",0.08139823162500001,0.510696278225,0.16015
Banfield Pet Health Tracker,0.082540513775,0.495240398575,0.160075
Flip the Gun - Simulator Game,-0.008082210962962964,0.45546977711111114,0.15877777777777777
Hideman VPN,0.11784549359375,0.388717231875,0.15712500000000001
Acorns - Invest Spare Change,0.038888888833333336,0.16990740733333332,0.15666666666666665
All Social Networks,-0.10336994945714285,0.49913964011428574,0.15662857142857142
HTC Sense Input,0.024668154775,0.4201793155,0.1564
Droid Zap by Motorola,-0.040537382775000005,0.43838980120000004,0.156325
EyeCloud,0.11424909059999999,0.3465546436,0.156175
"GCash - Buy Load, Pay Bills, Send Money",0.026285898470588227,0.3721901260588235,0.1554705882352941
Apex Launcher,0.09557627668292683,0.4347482226097561,0.15497560975609756
ABC News - US & World News,-0.04135770889473684,0.38782514994736844,0.15463157894736843
Dairy Queen,0.14205729175,0.280787037,0.15425
Amazon Prime Video,0.3074074073333333,0.37037037033333337,0.15333333333333332
DoorDash - Food Delivery,0.072407102975,0.44422497720000004,0.15305
AC - Tips & News for Android‚Ñ¢,0.09568275761111111,0.47069872002777774,0.153
GO Notifier,0.06559045817142857,0.4109801586571429,0.15282857142857142
Claro,-0.06110958487179488,0.4051383801025641,0.15269230769230768
Easy Installer - Apps On SD,-0.008882575774999998,0.302926136375,0.152475
Chase Mobile,0.048165996700000005,0.4887176259,0.15242499999999998
Cricket Visual Voicemail,0.06200259179999999,0.419542470125,0.1517
Dream League Soccer 2018,-0.00038855824999999705,0.36234292325,0.15125
Free Dating App - Meet Local Singles - Flirt Chat,-0.033438131275,0.5429598665,0.150925
Contacts,0.011934640743589738,0.4600278308205128,0.15084615384615385
Gmail,0.056600921414634145,0.445012223,0.15065853658536585
Foursquare Swarm: Check In,-0.06026184463333333,0.4074438260666666,0.15063333333333334
Fantasy Football,0.04163985845,0.406235209275,0.150525
Bloomberg: Market & Financial News,0.054705447325,0.3379659091,0.1503
Housing-Real Estate & Property,-0.020453028727272726,0.3613255525909091,0.15013636363636362
ASUS Cover for ZenFone 2,0.06547619042857143,0.37976190471428567,0.14928571428571427
File Manager,0.05668008208333333,0.28719170875,0.14891666666666667
Android Messages,0.07107432612121212,0.49155594545454545,0.1487878787878788
GoBank,0.0381233077,0.517044506675,0.1472
AppLock,0.015073825071428574,0.464231344,0.14578571428571427
Google Translate,0.14277777766666666,0.32666666666666666,0.14533333333333334
Citizens Bank Mobile Banking,0.0128495784,0.48158615002499994,0.1453
"Hide App, Private Dating, Safe Chat - PrivacyHider",-0.07057957020588235,0.44703324088235297,0.1451764705882353
GoPro (formerly Capture),-0.0075957929250000025,0.45046865032500005,0.14465
Blood Pressure(BP) Diary,0.08768325425,0.35583070405,0.144625
Banorte Movil,0.11266538400000001,0.5463003981851852,0.14418518518518517
CBS News,0.0,0.0,0.143
English with Lingualeo,0.1201499118888889,0.3131305114444445,0.1428888888888889
Cinemark Theatres,0.07015540677500001,0.403097703025,0.14285
BBC Media Player,-0.027379040400000002,0.42010634928,0.14164
DStv Now,0.0225650675,0.50322790405,0.140175
FOX NOW - On Demand & Live TV,0.0529362387948718,0.4836431283333334,0.139
Call of Duty:Black Ops Zombies,-0.12158962675,0.332037037,0.13775
ASUS Calling Screen,0.060637373759999995,0.39871637808000004,0.13756000000000002
Advanced Task Killer,0.130173301125,0.409502728125,0.137
HBO GO: Stream with TV Package,-0.05351222280769231,0.5015442645769231,0.13596153846153847
Dil Mil,-0.06166865465714285,0.41435936917142857,0.13594285714285714
Ecobank Mobile Banking,-0.014488531150000001,0.528033692575,0.13574999999999998
Fitbit,0.21047541742857145,0.4990988971428572,0.13471428571428573
Facebook Lite,-0.0009580515666666678,0.4409229798,0.13413333333333333
HTC Lock Screen,0.030700983075,0.43801482829999994,0.134075
Banco Ita√∫,0.076545206575,0.364395021575,0.13235
Facebook Pages Manager,-0.05933750774285715,0.4282570604,0.13197142857142857
HTC File Manager,0.084905877,0.24918503213636364,0.13145454545454546
HTC Weather,0.06589086061538461,0.44147617197435896,0.12766666666666668
"AD - Nieuws, Sport, Regio & Entertainment",0.153732461,0.4425157379,0.12755
HTC Mail,0.078747928275,0.426629050175,0.124475
DuraSpeed,-0.0331481165,0.3862479187368421,0.12342105263157893
Citibanamex Movil,0.1463099116,0.49543257579999994,0.12335
Bloomberg Professional,-0.023352723674999996,0.363243461425,0.122075
AT&T Visual Voicemail,0.0288226356923077,0.4351864108461539,0.12188461538461538
Best Car Wallpapers,-0.09999999999999999,0.36666666675000004,0.12175
"Dailyhunt (Newshunt) - Latest News, Viral Videos",-0.05291666660000001,0.4433333332,0.12079999999999999
Entel,0.0181126894,0.323030889225,0.120475
Facebook,-0.005863611206106874,0.45735269858778627,0.12014503816793894
App vault,-0.04155619136363636,0.45451962813636365,0.11990909090909091
Delta Dental,-0.0841847718,0.3259047619,0.11937500000000001
Beautiful Widgets Free,0.013460700725000002,0.5222924032,0.119025
Free Foreclosure Real Estate Search by USHUD.com,-0.03735762031578947,0.42864934773684216,0.11802631578947369
Bukalapak - Jual Beli Online,0.00875707809375,0.41004715521875,0.11784375
AirAsia,-0.09889692381818183,0.41270890727272724,0.11777272727272728
Google Voice,0.13553714233333333,0.1744191918888889,0.11744444444444443
Amtrak,-0.02757713935,0.360015058125,0.117225
Apple Daily ËòãÊûúÂãïÊñ∞ËÅû,0.0804013147142857,0.3205111431142857,0.11588571428571429
Call Blocker,0.020979437250000003,0.49157332249999997,0.11449999999999999
591ÊàøÂ±ã‰∫§Êòì-ÁßüÂ±ã„ÄÅ‰∏≠Âè§Â±ã„ÄÅÊñ∞Âª∫Ê°à„ÄÅÂØ¶ÂÉπÁôªÈåÑ„ÄÅÂà•Â¢ÖÈÄèÂ§©„ÄÅÂÖ¨ÂØìÂ•óÊàø„ÄÅÊç∑ÈÅã„ÄÅË≤∑ÊàøË≥£ÊàøË°åÊÉÖ„ÄÅÊàøÂÉπÊàøË≤∏Êü•Ë©¢,0.07574288506249999,0.301620075125,0.1131875
Anthem Anywhere,-0.061215069641025646,0.3593783092307692,0.11274358974358975
American Airlines,-0.04227236742424242,0.48360786803030303,0.1124848484848485
HTC Social Plugin - Facebook,-0.050412340425,0.48170039685,0.111175
Extreme Car Driving Simulator,-0.049074074,0.30185185166666667,0.11
HTC Service Ôºç DLNA,0.01789415039473684,0.4375292237105263,0.10915789473684209
Citi Mobile¬Æ,-0.038730654725,0.498498263875,0.10915
HTC Speak,0.004003077625000006,0.325985539925,0.108075
"Fox News ‚Äì Breaking News, Live Video & News Alerts",0.021111422230769235,0.48252604297435897,0.10712820512820513
"HelloTalk ‚Äî Chat, Speak & Learn Foreign Languages",0.15174479175,0.48979166674999997,0.10575000000000001
"Delivery Club‚Äì–î–æ—Å—Ç–∞–≤–∫–∞ –µ–¥—ã:–ø–∏—Ü—Ü–∞,—Å—É—à–∏,–±—É—Ä–≥–µ—Ä,—Å–∞–ª–∞—Ç",0.07273695052,0.32655311356,0.1056
ColorSnap¬Æ Visualizer,0.023781250025,0.34124305555,0.104125
Account Manager,-0.08505769685294118,0.4430402236470588,0.09952941176470588
Banque Populaire,0.03062092973684211,0.309560739,0.09826315789473684
Call Control - Call Blocker,-0.03125,0.21875,0.09775
Golf Channel,-0.025728535350000005,0.4610644841,0.09459999999999999
GolfLogix GPS + Putt Breaks,-0.07647124897499999,0.44135735327500003,0.091875
Best Ovulation Tracker Fertility Calendar App Glow,0.29765625,0.2708333335,0.091
Calculator with Percent (Free),0.021315192666666666,0.3759070293333333,0.08933333333333333
ANA,-0.02509530892857143,0.2897941467857143,0.08692857142857144
Bualuang mBanking,0.00419853291428571,0.33829713805714284,0.08414285714285714
Bancomer m√≥vil,-0.0718525207,0.30702785504999996,0.077625
DEER HUNTER 2018,-0.2875,0.325,0.0735
CAIXA,-0.08647156257142857,0.45260349997142857,0.07308571428571428
Discover Mobile,-0.0208333335,0.263888889,0.07
Caller ID +,0.175,0.3,0.0695
Anthem BC Anywhere,-0.1193824405,0.3563988095,0.0641875
ASUS Quick Memo,0.019444444333333335,0.22222222233333333,0.051333333333333335
HipChat - Chat Built for Teams,-0.02769236056410257,0.3556653300769231,0.04628205128205128
Google Street View,-0.4,0.5533333334,0.0412
Draw Your Game,-0.44565972233333334,0.45555555566666667,0.034666666666666665
GlassesOff,0.0,0.0,0.0
Glow Hockey,0.0,0.0,0.0
Glowing Flowers Live Wallpaper,0.0,0.0,0.0
Glide - Video Chat Messenger,0.0,0.0,0.0
Girly Wallpapers Backgrounds,0.0,0.0,0.0
Glam - Premium Dating App,0.0,0.0,0.0
Compass,0.0,0.0,0.0
Google Allo,0.0,0.0,0.0
"HSL - Tickets, route planner and information",0.0,0.0,0.0
Adult Dating - AdultFinder,0.0,0.0,0.0
Hangouts Dialer - Call Phones,0.0,0.0,0.0
Acupuncture Assistant,0.0,0.0,0.0
ASUS Gallery,0.0,0.0,0.0
Hemnet,0.0,0.0,0.0
Henry Danger Crime Warp,0.0,0.0,0.0
ADW Launcher 2,0.0,0.0,0.0
ADP Mobile Solutions,0.0,0.0,0.0
Hiya - Caller ID & Block,0.0,0.0,0.0
"Hola Launcher- Theme,Wallpaper",0.0,0.0,0.0
A Manual of Acupuncture,0.0,0.0,0.0
HomeAway Vacation Rentals,0.0,0.0,0.0
3D Color Pixel by Number - Sandbox Art Coloring,0.0,0.0,0.0
Hot or Not - Find someone right now,0.0,0.0,0.0
3D Blue Glass Water Keyboard Theme,0.0,0.0,0.0
HTC Calendar,-0.028219697000000016,0.52121212125,0.0
HOTEL DEALS,0.0,0.0,0.0
Google Analytics,0.0,0.0,0.0
Adult Glitter Color by Number Book - Sandbox Pages,0.0,0.0,0.0
Google Assistant,0.0,0.0,0.0
Google Assistant Go,0.0,0.0,0.0
Google Calendar,0.0,0.0,0.0
Google Chrome: Fast & Secure,0.0,0.0,0.0
Google Classroom,0.0,0.0,0.0
Google Docs,0.0,0.0,0.0
Google Drive,0.0,0.0,0.0
Google Play Books,0.0,0.0,0.0
Google Play Games,0.0,0.0,0.0
Google Play Movies & TV,0.0,0.0,0.0
Google Sheets,0.0,0.0,0.0
"AllTrails: Hiking, Running & Mountain Bike Trails",0.0,0.0,0.0
Girls' Frontline,0.0,0.0,0.0
HBO NOW: Stream TV & Movies,0.0,0.0,0.0
HD Camera,0.0,0.0,0.0
Girly Lock Screen Wallpaper with Quotes,0.0,0.0,0.0
Blidz - Hunt Free Deals On Trending Items!,0.0,0.0,0.0
Girls Online Talk - Free Text and Video Chat,0.0,0.0,0.0
Dollhouse Decorating Games,0.0,0.0,0.0
Capital One¬Æ Mobile,0.0,0.0,0.0
Capitec Remote Banking,0.0,0.0,0.0
CarMax ‚Äì Cars for Sale: Search Used Car Inventory,0.0,0.0,0.0
Card Wars - Adventure Time,0.0,0.0,0.0
Cardboard,0.0,0.0,0.0
CareZone,0.0,0.0,0.0
Dolphins Live Wallpaper,0.0,0.0,0.0
"Dolphin Browser - Fast, Private & Adblocküê¨",0.0,0.0,0.0
"Carousell: Snap-Sell, Chat-Buy",0.0,0.0,0.0
ChefTap Recipes & Grocery List,0.0,0.0,0.0
Cars: Lightning League,0.0,0.0,0.0
Cartoon Network App,0.0,0.0,0.0
Cash App,0.0,0.0,0.0
"Cash, Inc. Money Clicker Game & Business Adventure",0.0,0.0,0.0
Castle Clash: Heroes of the Empire US,0.0,0.0,0.0
Disney Crossy Road,0.0,0.0,0.0
Castlight Mobile,0.0,0.0,0.0
Casual Dating & Adult Singles - Joyride,0.0,0.0,0.0
Dragon Sim Online: Be A Dragon,0.0,0.0,0.0
DramaFever: Stream Asian Drama Shows & Movies,0.0,0.0,0.0
Draw A Stickman,-0.075,0.2,0.0
Draw.ly - Color by Number Pixel Art Coloring,0.0,0.0,0.0
Camera FV-5,0.0,0.0,0.0
Camera FV-5 Lite,0.0,0.0,0.0
Camera MX - Free Photo & Video Camera,0.0,0.0,0.0
Camera ZOOM FX - FREE,0.0,0.0,0.0
Camera for Android,0.0,0.0,0.0
Earn to Die 2,0.0,0.0,0.0
ESPN Fantasy Sports,0.0,0.0,0.0
ESPN,0.0,0.0,0.0
ES File Explorer File Manager,0.0,0.0,0.0
EMT-B Pocket Prep,0.0,0.0,0.0
EMT Tutor NREMT-B Study Guide,0.0,0.0,0.0
EMT Review Plus,0.0,0.0,0.0
Camera360 Lite - Selfie Camera,0.0,0.0,0.0
Camera360: Selfie Photo Editor with Funny Sticker,0.0,0.0,0.0
Camera51 - a smarter camera,0.0,0.0,0.0
DreamMapper,0.0,0.0,0.0
Drawing Clothes Fashion Ideas,0.0,0.0,0.0
Dice With Buddies‚Ñ¢ Free - The Fun Social Dice Game,0.0,0.0,0.0
Deep Sleep and Relax Hypnosis,0.0,0.0,0.0
Call Free ‚Äì Free Call,0.0,0.0,0.0
Cozi Family Organizer,0.0,0.0,0.0
ClickMeeting Webinars,0.0,0.0,0.0
Cloud Print,0.0,0.0,0.0
Clover Dating App,0.0,0.0,0.0
Creative Ideas - DIY & Craft,0.0,0.0,0.0
Create A Superhero HD,0.0,0.0,0.0
Crazy Colors: Bubbles Matching,0.0,0.0,0.0
Crackle - Free TV & Movies,0.0,0.0,0.0
CppDroid - C/C++ IDE,0.0,0.0,0.0
Cover Fire: offline shooting games for free,0.0,0.0,0.0
Chefkoch - Rezepte & Kochen,0.0,0.0,0.0
Coursera: Online courses,0.0,0.0,0.0
Coupons.com ‚Äì Grocery Coupons & Cash Back Savings,0.0,0.0,0.0
Coupon Sherpa,0.0,0.0,0.0
"Club Factory Everything, Unbeaten Price",0.0,0.0,0.0
Clue,0.0,0.0,0.0
Collage&Add Stickers papelook,0.0,0.0,0.0
"Color Call - Caller Screen, LED Flash",0.0,0.0,0.0
CompTIA A+ Pocket Prep,0.0,0.0,0.0
ClearCareGo Caregiver,0.0,0.0,0.0
Classical music for baby,0.0,0.0,0.0
Classic Calculator,0.0,0.0,0.0
ClassDojo,0.0,0.0,0.0
Chegg Study - Homework Help,0.0,0.0,0.0
Chess Free,0.0,0.0,0.0
Chess PRO Free,0.0,0.0,0.0
DashClock Widget,0.0166666665,0.2095238095,0.0
Chess School for Beginners,0.0,0.0,0.0
Chess for Kids - Play & Learn,0.0,0.0,0.0
Chicago Tribune,0.0,0.0,0.0
Daily Manga - Comic & Webtoon,0.0,0.0,0.0
Daily Mail Online,0.0,0.0,0.0
DaBang - Rental Homes in Korea,0.0,0.0,0.0
Chick-fil-A,0.0,0.0,0.0
Chictopia,0.0,0.0,0.0
Chilindo,0.0,0.0,0.0
Chime - Mobile Banking,0.0,0.0,0.0
"Chispa, the Dating App for Latino, Latina Singles",0.0,0.0,0.0
Cute wallpapers & kawaii backgrounds images,0.0,0.0,0.0
Cute Pet Puppies,0.0,0.0,0.0
Calorie Counter by FatSecret,0.0,0.0,0.0
Elevate - Brain Training Games,0.0,0.0,0.0
Girls Live Chat - Free Text & Video Chat,0.0,0.0,0.0
Been Together (Ad) - D-day,0.0,0.0,0.0
Free Live Talk-Video Call,-0.05,0.05,0.0
Free Books - Spirit Fanfiction and Stories,0.0,0.0,0.0
Free Book Reader,0.0,0.0,0.0
Beauty Makeup ‚Äì Photo Makeover,0.0,0.0,0.0
Beauty Selfie Camera,0.0,0.0,0.0
Fotor Photo Editor - Photo Collage & Photo Effects,0.0,0.0,0.0
FotMob - Live Soccer Scores,0.0,0.0,0.0
Bedroom Decorating Ideas,0.0,0.0,0.0
Best Buy,0.0,0.0,0.0
Fitbit Coach,0.0,0.0,0.0
Best New Ringtones 2018 Free üî• For Android‚Ñ¢,0.0,0.0,0.0
"Black Wallpaper, AMOLED, Dark Background: Darkify",0.0,0.0,0.0
Black White Interracial Dating - Interracial Match,0.0,0.0,0.0
Blackpink as if it's your last,0.0,0.0,0.0
"Bleacher Report: sports news, scores, & highlights",0.0,0.0,0.0
"Blendr - Chat, Flirt & Meet",0.0,0.0,0.0
Blibli.com Belanja Online,0.0,0.0,0.0
CompTIA Exam Training,0.0,0.0,0.0
Free Meditation - Take a Break,0.0,0.0,0.0
"Free Messages, Video, Chat,Text for Messenger Plus",0.0,0.0,0.0
Fruit Block - Puzzle Legend,-0.0916666665,0.188888889,0.0
Fruit Boom,0.0,0.0,0.0
Girls Hairstyles,0.0,0.0,0.0
GialloZafferano: le Ricette,0.0,0.0,0.0
Ghostery Privacy Browser,0.0,0.0,0.0
Geometry Dash World,0.0,0.0,0.0
Geocaching¬Æ,0.0,0.0,0.0
Geo Tracker - GPS tracker,0.0,0.0,0.0
Animal Jam - Play Wild!,0.0,0.0,0.0
Game for KIDS: KIDS match'em,0.0,0.0,0.0
Galaxy Live Wallpaper,0.0,0.0,0.0
Galaxy Gift,0.0,0.0,0.0
GPS Speedometer - Trip Meter - Altimeter,0.0,0.0,0.0
GPS Navigation & Offline Maps Sygic,0.0,0.0,0.0
Futbol24,0.0,0.0,0.0
Funny Ringtones,0.0,0.0,0.0
Funny Quotes Free,0.0,0.0,0.0
Baby Sleep: White noise lullabies for newborns,0.0,0.0,0.0
Fruit Cube Blast,0.0,0.0,0.0
Blinkist - Nonfiction Books,0.0,0.0,0.0
Blitzer.de,0.0,0.0,0.0
EliteSingles ‚Äì Dating for Single Professionals,0.0,0.0,0.0
English Grammar Test,0.0,0.0,0.0
Calculator,0.0,0.0,0.0
Everlance: Free Mileage Log,0.0,0.0,0.0
Ever After High‚Ñ¢ Charmed Style,0.0,0.0,0.0
Events High - Meet Your City!,0.0,0.0,0.0
Calculator ++,0.0,0.0,0.0
"Calculator - free calculator ,multi calculator app",0.0,0.0,0.0
English to Urdu Dictionary,0.0,0.0,0.0
English Persian Dictionary,0.0,0.0,0.0
English Grammar Complete Handbook,0.0,0.0,0.0
Find Real Love ‚Äî YouLove Premium Dating,0.0,0.0,0.0
English Dictionary - Offline,0.0,0.0,0.0
Endomondo - Running & Walking,0.0,0.0,0.0
Endless Numbers,0.0,0.0,0.0
"Emoji keyboard - Cute Emoticons, GIF, Stickers",0.0,0.0,0.0
"Emoji Keyboard - Cute Emoji,GIF, Sticker, Emoticon",0.0,0.0,0.0
Emmanuella Funny Videos 2018,0.0,0.0,0.0
Email TypeApp - Mail App,0.0,0.0,0.0
Elmo Calls by Sesame Street,0.0,0.0,0.0
Caf - Mon Compte,0.05,0.151923077,0.0
CM FILE MANAGER HD,0.0,0.0,0.0
CBS - Full Episodes & Live TV,0.0,0.0,0.0
FP Notebook,0.0,0.0,0.0
Block Craft 3D: Building Simulator Games For Free,0.0,0.0,0.0
Fever,0.0,0.0,0.0
Fertility Friend Ovulation App,0.0,0.0,0.0
Feed Baby - Baby Tracker,0.0,0.0,0.0
Faustop Sounds,0.0,0.0,0.0
Blue CareOnDemand,0.0,0.0,0.0
BlueJeans for Android,0.0,0.0,0.0
FarmersOnly Dating,0.0,0.0,0.0
Bluebird by American Express,0.0,0.0,0.0
Fancy,0.0,0.0,0.0
Breathing Zone,0.0,0.0,0.0
Bricks n Balls,0.0,0.0,0.0
Brightest Flashlight - LED Light,0.0,0.0,0.0
Fair: A New Way To Own A Car,0.0,0.0,0.0
Bus Rush: Subway Edition,0.0,0.0,0.0
FREE Stock Market Trading Tips,0.0,0.0,0.0
FREE LIVE TALK,0.0,0.0,0.0
Houzz Interior Design Ideas,0.0,0.0,0.0
